{"cameraMode":{"drawMode":0,"name":"Shaded","section":"Shading Mode"},"sceneLighting":false,"audioPlay":false,"sceneViewState":{"showFog":true,"showMaterialUpdate":false,"showSkybox":false,"showFlares":true,"showImageEffects":true,"showParticleSystems":true,"showVisualEffectGraphs":true,"m_FxEnabled":true},"in2DMode":false,"pivot":{"x":2.3067359924316408,"y":1.933126449584961,"z":-3.8555517196655275},"rotation":{"x":0.11250873655080795,"y":0.07949895411729813,"z":-0.009037695825099945,"w":0.990446150302887},"size":0.8660253882408142,"orthographic":false}