{"cameraMode":{"drawMode":0,"name":"Shaded","section":"Shading Mode"},"sceneLighting":true,"audioPlay":false,"sceneViewState":{"showFog":true,"showMaterialUpdate":false,"showSkybox":true,"showFlares":true,"showImageEffects":true,"showParticleSystems":true,"showVisualEffectGraphs":true,"m_FxEnabled":true},"in2DMode":false,"pivot":{"x":5.882462024688721,"y":-5.0103888511657719,"z":15.572092056274414},"rotation":{"x":0.13271071016788484,"y":0.17788104712963105,"z":-0.024226779118180276,"w":0.9748142957687378},"size":10.449999809265137,"orthographic":false}